{"type":"aside","name":"Overlay","sections":{"cart":{"type":"cart-drawer","settings":{}},"popups":{"type":"popups","blocks":{"cookies":{"type":"cookie","disabled":true,"settings":{"show_cookies_popup":true,"text_title":"Are Cookies OK?","text_body":"<p>We use cookies to improve your browsing experience<\/p>","text_accept":"Accept","text_learn":"Learn more","learn_url":"shopify:\/\/policies\/privacy-policy"}},"newsletter_signup":{"type":"newsletter","disabled":true,"settings":{}}},"block_order":["cookies","newsletter_signup"],"settings":{}}},"order":["cart","popups"]}