{"type":"footer","name":"Footer","sections":{"footer":{"type":"footer","blocks":{"linklist-1":{"type":"linklist","settings":{"linklist":"main-menu"}},"linklist-2":{"type":"linklist","settings":{"linklist":"footer"}},"text-3":{"type":"text","settings":{}},"social":{"type":"social","settings":{}},"newsletter":{"type":"newsletter","settings":{"show_image":false,"background_color":"#4F4F4F","text_color_value":"#ffffff"}}},"block_order":["linklist-1","linklist-2","text-3","social","newsletter"],"settings":{}},"subfooter":{"type":"subfooter","settings":{"footer_secondary_linklist":"footer"}}},"order":["footer","subfooter"]}