{"sections":{"blog-section-featured-article":{"type":"section-featured-article","blocks":{"blog-section-featured-article-block-0":{"type":"kicker","settings":{}},"blog-section-featured-article-block-1":{"type":"heading","settings":{}},"blog-section-featured-article-block-2":{"type":"text","settings":{}},"blog-section-featured-article-block-3":{"type":"button","settings":{}}},"block_order":["blog-section-featured-article-block-0","blog-section-featured-article-block-1","blog-section-featured-article-block-2","blog-section-featured-article-block-3"],"settings":{"padding_top":64,"padding_bottom":100}},"custom-content-feature":{"type":"section-custom-content","blocks":{"image":{"type":"image","settings":{"overlay_opacity":15,"overlay_color":"#000","kicker":"","title":"","richtext":"","text_align":"align--middle-center","text_color":"text--white","link_text":"","link":"","button_color":"btn--white","button_style":"btn"}},"article":{"type":"article","settings":{"article":"","show_tag":true,"show_date":true,"font_size":4,"show_excerpt":true,"align_text":"text-left","placement_text":"middle","show_author_name":true,"show_author_image":true,"button_text":"Read more","button_color":"btn--neutral","button_style":"btn-text-thick-line","text_color":"text--neutral","bg_color":"#f7f7f7"}}},"block_order":["image","article"],"disabled":true,"settings":{"height":"use_screen_one_half","borders":false,"width":"wrapper","padding_top":36,"padding_bottom":36}},"main-blog":{"type":"blog","settings":{}}},"order":["blog-section-featured-article","custom-content-feature","main-blog"]}