{"sections":{"hero":{"type":"section-hero","blocks":{"kicker-lookbook-block":{"type":"kicker","disabled":true,"settings":{"kicker":"<p>Introducing<\/p>","text_size":3}},"heading-lookbook-block":{"type":"heading","settings":{"title":"<p>Lookbook<\/p>","text_size":10}}},"block_order":["kicker-lookbook-block","heading-lookbook-block"],"settings":{"height":"use_screen_one_fifth","overlay_opacity":50,"overlay_color":"#000000","enable_overlay_text":false,"preload_image":true,"content_width":2000,"text_align":"align--middle-center","text_color":"text--white","color_bg":"hero__content--transparent","width":"wrapper--none","padding_top":0,"padding_bottom":0}},"main":{"type":"page","settings":{"kicker":"","kicker_size":3,"show_title":false,"title_size":8,"show_content":true,"content_size":5,"align_text":"text-left","text_color":"text--neutral","bg":"palette--light bg--neutral","width":"wrapper","padding_top":36,"padding_bottom":36}},"page-lookbook-0":{"type":"section-mosaic","blocks":{"template--14288112255060__page-lookbook-0-1666050591718034de-1":{"type":"image","settings":{"overlay_opacity":0,"title_text":"","title_size":8,"text_align":"text-left tile--bottom","kicker_text":"","kicker_size":3,"link_text":"","link_url":"","link_size":3}},"3030db7b-d3d9-45f0-9a5b-e9ff36eace55":{"type":"image","settings":{"overlay_opacity":0,"title_text":"","title_size":8,"text_align":"text-left tile--bottom","kicker_text":"","kicker_size":3,"link_text":"","link_url":"","link_size":3}},"bbc96846-6fd6-4380-9b94-f891807f1b73":{"type":"image","settings":{"overlay_opacity":0,"title_text":"","title_size":8,"text_align":"text-left tile--bottom","kicker_text":"","kicker_size":3,"link_text":"","link_url":"","link_size":3}}},"block_order":["template--14288112255060__page-lookbook-0-1666050591718034de-1","3030db7b-d3d9-45f0-9a5b-e9ff36eace55","bbc96846-6fd6-4380-9b94-f891807f1b73"],"settings":{"first_block_height":"tall","wh_ratio":0.8,"split":"center","color_bg":"palette--light bg--neutral","width":"wrapper","padding_top":10,"padding_bottom":10}},"page-lookbook-1":{"type":"collection-split","settings":{"collection":"","product_list":[],"sticky_image_enable":true,"swap":false,"overlay_opacity":5,"overlay_color":"#000000","kicker":"Introducing","heading":"Featured products","text_color":"text--neutral","link_text":"View products","link":"","button_color":"btn--white","button_style":"btn","grid_large":2,"grid_small":1.2,"limit":2,"bg":"palette--light bg--neutral","object_position":"center-center","width":"wrapper","padding_top":10,"padding_bottom":10}},"page-lookbook-2":{"type":"section-gallery","blocks":{"page-lookbook-2-0":{"type":"image","settings":{"link":""}},"page-lookbook-2-1":{"type":"image","settings":{"link":""}},"page-lookbook-2-2":{"type":"image","settings":{"link":""}}},"block_order":["page-lookbook-2-0","page-lookbook-2-1","page-lookbook-2-2"],"settings":{"scale_image":true,"wh_ratio":1,"bg":"palette--light bg--neutral","add_gutters":true,"progress_bar":"mobile","grid_large":3,"grid_medium":2,"grid_mobile":1.2,"width":"wrapper","padding_top":10,"padding_bottom":10}},"page-lookbook-3":{"type":"section-collection-slider","settings":{"collection":"","product_limit":12,"title":"","align_text":"title-center","progress_bar":"mobile","grid_large":4,"grid_medium":3,"grid_mobile":1.2,"bg":"palette--light bg--neutral","width":"wrapper","padding_top":10,"padding_bottom":36}},"page-lookbook-4":{"type":"section-look","blocks":{"template--14288112255060__page-lookbook-4-166605059683c691ad-0":{"type":"product","settings":{"product":"","position_x":40,"position_y":20}},"template--14288112255060__page-lookbook-4-166605059683c691ad-1":{"type":"product","settings":{"product":"","position_x":60,"position_y":60}}},"block_order":["template--14288112255060__page-lookbook-4-166605059683c691ad-0","template--14288112255060__page-lookbook-4-166605059683c691ad-1"],"settings":{"default_open":true,"dot_color":"palette--dark bg--invert","card_color":"palette--light bg--neutral","position":"look__products__holder--right","width":"wrapper","padding_top":0,"padding_bottom":0}},"page-lookbook-5":{"type":"section-custom-content","blocks":{"11c08857-43e7-4fc9-91b2-6e4b97cfa320":{"type":"image","settings":{"overlay_opacity":5,"overlay_color":"#000","enable_overlay_text":false,"kicker":"","title":"","richtext":"","text_align":"align--middle-center","text_color":"text--white","link_text":"","link":"","button_color":"btn--white","button_style":"btn"}},"8c819451-502c-498c-928e-434ef1d29696":{"type":"collection","settings":{"collection":"","kicker":"Shop the look","align_text":"text-center","text_color":"text--neutral","bg_color":"#f7f7f7","bg_accent":"#ffffff"}}},"block_order":["11c08857-43e7-4fc9-91b2-6e4b97cfa320","8c819451-502c-498c-928e-434ef1d29696"],"settings":{"height":"use_screen_one_half","borders":false,"width":"wrapper","padding_top":36,"padding_bottom":36}},"page-lookbook-6":{"type":"section-richtext","blocks":{"template--14288112255060__page-lookbook-6-166605104694452869-0":{"type":"kicker","disabled":true,"settings":{"kicker":"<p>Introducing<\/p>","enable_line":true,"text_size":3}},"template--14288112255060__page-lookbook-6-166605104694452869-1":{"type":"heading","disabled":true,"settings":{"heading":"<p>Rich text<\/p>","text_size":8}},"template--14288112255060__page-lookbook-6-166605104694452869-2":{"type":"text","settings":{"text":"<p>Break up the images with a brief quote<\/p>","text_size":11,"text_columns":1}},"template--14288112255060__page-lookbook-6-166605104694452869-3":{"type":"button","disabled":true,"settings":{"link_text_1":"Shop all","link_1":"shopify:\/\/collections\/all","button_size_1":"btn--medium","button_style_1":"btn-text-thick-line","button_color_1":"btn--neutral","link_text_2":"","link_2":"","button_size_2":"btn--medium","button_style_2":"btn-text-thick-line","button_color_2":"btn--neutral","link_text_3":"","link_3":"","button_size_3":"btn--long","button_style_3":"btn-text-thick-line","button_color_3":"btn--white"}}},"block_order":["template--14288112255060__page-lookbook-6-166605104694452869-0","template--14288112255060__page-lookbook-6-166605104694452869-1","template--14288112255060__page-lookbook-6-166605104694452869-2","template--14288112255060__page-lookbook-6-166605104694452869-3"],"settings":{"align_text":"text-center","text_color":"text--neutral","bg":"palette--light bg--neutral","content_width":2000,"width":"wrapper","padding_top":20,"padding_bottom":20}},"page-lookbook-7":{"type":"collection-split","settings":{"collection":"","product_list":[],"sticky_image_enable":true,"swap":false,"overlay_opacity":15,"overlay_color":"#000000","kicker":"Introducing","heading":"Featured products","text_color":"text--white","link_text":"View products","link":"","button_color":"btn--white","button_style":"btn","grid_large":2,"grid_small":1.2,"limit":4,"bg":"palette--light bg--neutral","object_position":"center-center","width":"wrapper","padding_top":36,"padding_bottom":10}},"page-lookbook-8":{"type":"collection-split","settings":{"collection":"","product_list":[],"sticky_image_enable":true,"swap":true,"overlay_opacity":15,"overlay_color":"#000000","kicker":"Introducing","heading":"Featured products","text_color":"text--white","link_text":"View products","link":"","button_color":"btn--white","button_style":"btn","grid_large":2,"grid_small":1.2,"limit":4,"bg":"palette--light bg--neutral","object_position":"center-center","width":"wrapper","padding_top":10,"padding_bottom":10}},"page-lookbook-9":{"type":"section-mosaic","blocks":{"template--14288112255060__page-lookbook-9-1666051609b19e44b5-1":{"type":"image","settings":{"overlay_opacity":15,"title_text":"Image","title_size":8,"text_align":"text-left tile--bottom","kicker_text":"","kicker_size":3,"link_text":"","link_url":"","link_size":3}},"template--14288112255060__page-lookbook-9-1666051609b19e44b5-0":{"type":"product","settings":{"product":"","show_title":true,"text_align":"text-left tile--bottom","custom_title":"","title_size":8,"kicker_text":"","kicker_size":3,"show_price":false,"price_size":3,"overlay_opacity":15}},"4fadb0d4-bcd4-4adc-8bae-77c4bc206e58":{"type":"product","settings":{"product":"","show_title":true,"text_align":"text-left tile--bottom","custom_title":"","title_size":8,"kicker_text":"","kicker_size":3,"show_price":false,"price_size":3,"overlay_opacity":15}}},"block_order":["template--14288112255060__page-lookbook-9-1666051609b19e44b5-1","template--14288112255060__page-lookbook-9-1666051609b19e44b5-0","4fadb0d4-bcd4-4adc-8bae-77c4bc206e58"],"settings":{"first_block_height":"tall","wh_ratio":0.8,"split":"center","color_bg":"palette--light bg--neutral","width":"wrapper","padding_top":10,"padding_bottom":36}},"page-lookbook-10":{"type":"section-collection-tabs","blocks":{"template--14288112255060__page-lookbook-10-16660516121dd994ec-0":{"type":"collection","settings":{"collection":"","title":"First collection"}},"template--14288112255060__page-lookbook-10-16660516121dd994ec-1":{"type":"collection","settings":{"collection":"","title":"Second collection"}}},"block_order":["template--14288112255060__page-lookbook-10-16660516121dd994ec-0","template--14288112255060__page-lookbook-10-16660516121dd994ec-1"],"settings":{"title":"Featured products","progress_bar":"mobile","grid_large":4,"grid_medium":3,"grid_mobile":1.2,"limit":6,"bg":"palette--light bg--neutral","width":"wrapper","padding_top":36,"padding_bottom":36}},"page-lookbook-11":{"type":"section-mosaic","blocks":{"505a65f3-84f9-4adb-848b-a88459274d48":{"type":"image","settings":{"overlay_opacity":15,"title_text":"Previous Lookbook","title_size":8,"text_align":"text-center tile--bottom","kicker_text":"","kicker_size":3,"link_text":"","link_url":"","link_size":3}},"e5d42614-03af-47c7-8e09-185043c3ed56":{"type":"image","settings":{"overlay_opacity":15,"title_text":"Next Lookbook","title_size":8,"text_align":"text-center tile--bottom","kicker_text":"","kicker_size":3,"link_text":"","link_url":"","link_size":3}}},"block_order":["505a65f3-84f9-4adb-848b-a88459274d48","e5d42614-03af-47c7-8e09-185043c3ed56"],"settings":{"first_block_height":"short","wh_ratio":0.5,"split":"center","color_bg":"palette--light bg--neutral","width":"wrapper--full","padding_top":36,"padding_bottom":36}}},"order":["hero","main","page-lookbook-0","page-lookbook-1","page-lookbook-2","page-lookbook-3","page-lookbook-4","page-lookbook-5","page-lookbook-6","page-lookbook-7","page-lookbook-8","page-lookbook-9","page-lookbook-10","page-lookbook-11"]}