{"sections":{"main":{"type":"product","blocks":{"title":{"type":"title","settings":{}},"price":{"type":"price","settings":{}},"variants":{"type":"variant-selectors","settings":{}},"subscriptions":{"type":"subscription","settings":{}},"quantity":{"type":"quantity","settings":{}},"sizes-remaining":{"type":"size-remaining","settings":{}},"buttons":{"type":"add-buttons","settings":{}},"description":{"type":"description","settings":{}},"upsell":{"type":"upsell","disabled":true,"settings":{}},"pickup":{"type":"pickup","disabled":true,"settings":{}},"sharing":{"type":"sharing","disabled":true,"settings":{}}},"block_order":["title","price","variants","subscriptions","quantity","sizes-remaining","buttons","description","upsell","pickup","sharing"],"settings":{}},"image-with-text":{"type":"section-double","blocks":{"text":{"type":"text","settings":{"button_text":""}},"image":{"type":"image","settings":{"link_text":""}}},"block_order":["image","text"],"settings":{"width":"wrapper","padding_bottom":0}},"image-with-text-2":{"type":"section-double","blocks":{"image":{"type":"image","settings":{"link_text":""}},"text":{"type":"text","settings":{"button_text":""}}},"block_order":["text","image"],"settings":{"width":"wrapper","padding_top":0}},"related":{"type":"related","settings":{}}},"order":["main","image-with-text","image-with-text-2","related"]}